comment,comment_time,score,agree_num,user_name,is_view
" 斯皮尔伯格把他对电影的梦想、热心、爱与情怀，浓缩到这部片子，通过极具年代感的经典电影和角色，又并茂高科技的现代游戏闯关，他拿手的、专注的、想诉说的都在这里给影迷情倾盆呈现，并在最后一句“谢谢你玩我的游戏”推向高潮，就像在银幕前看着他对我们说“谢谢你看我的电影”…泪奔
        ",2018-03-27 23:02:34,力荐,8628,影志,看过
" 游戏宅和影迷的春药！还原《闪灵》那场戏看到要爆炸了！值得去电影院刷十遍！
        ",2018-03-21 17:08:18,力荐,7673,翻滚吧！蛋堡,看过
" 请不要在彩蛋期间插播电影！（普通导演是在电影期间插播广告，二逼导演是在广告期间插播电影，文艺导演是在电影期间插播彩蛋，牛逼导演是在彩蛋期间插播电影） 层出不穷的惊喜和反转，无处不在的彩蛋和致敬。这是导演送给影迷的最好礼物，也是他写给电影的一封情书。片尾无彩蛋，因为电影本身就是彩蛋
        ",2018-03-28 08:35:46,力荐,5575,凌睿,看过
" 全场喊牛逼！没啥是斯皮尔伯格做不到的了，在一个商业片中把所有的特效情怀和爱结合得完整而彻底，让影迷乐迷游戏迷接二连三地高潮，即使都不是也能看得花枝乱颤，这样应该算是完美了吧。而最后也竟然默默抹了把眼泪…Reality is the only thing that is real.
        ",2018-03-26 23:47:07,力荐,5119,杨欢喜Metiche,看过
" 公民凯恩串起了闪灵、鬼娃、高达、哥斯拉、亚基拉、街霸、铁巨人、金刚、龟波气功……，加上迪斯科音乐和各种游戏卡，简直是是一部全球世纪流行文化编年史。感谢撕皮儿剥壳，把我们这些大孩子一把拉回追看《回到未来》和《夺宝奇兵》的神奇年代，跟着逼真的特技和癫狂的想象去重温我们的“玫瑰花蕾“。
        ",2018-03-21 19:45:37,力荐,4466,风间隼,看过
" 9。我爱这部电影，就好像我的梦想是能进入马丁·斯科塞斯的《出租车司机》，看罗伯特德尼罗枪杀嫖客和鸡头，营救朱迪·福斯特。所以，我爱这部电影。
        ",2018-03-29 22:22:43,推荐,3942,桃桃淘电影,看过
" 走马观花的IP大赏，剧情人物基本不通，鸡汤也撒得不知所云。适合跟塑料姐妹们一起假嗨
        ",2018-03-30 00:53:26,还行,3845,觉,看过
" 好想在有生之年玩一场全民大战马化腾
        ",2018-03-31 22:52:01,力荐,4039,大島,看过
" 它是你们的情书，我的命。
        ",2018-03-19 23:08:06,力荐,3196,法兰西胶片,看过
" 这片讲述了“绿洲五人组”寻找终极彩蛋之旅：第一关告诉你，有时退一步，就是海阔天空；第二关告诉你，人生很短暂，关键的一步一定要迈对；第三关告诉你，不以输赢论英雄，找到乐趣、享受人生；最终关告诉你，别沉迷，活在当下。片中各种游戏、动漫、影视彩蛋信息量太大，必须多刷！
        ",2018-03-30 09:35:38,力荐,3236,天蝎小猪,看过
" 好莱坞把圈钱手段做到了极致，情怀，英雄，动漫，怀旧，复古只要能圈钱，什么都行，这部片子，就像一个大杂烩，让任何人都能找到曾经喜欢的东西，可是太着痕迹，梗已用烂，让人审美疲劳了，总是卖这些，一次两次行，次次这样，也不怪好莱坞特效片子在国内票房越来越不举。
        ",2018-03-28 09:07:03,很差,1942,看电影吧,看过
" 恕我直言，比老斯会拍爆米花电影的人还没出生吧？玩梗玩的贼6，金刚、侏罗纪、异形、哥斯拉......闪灵那段更是惊艳到爆炸，惊喜一个接一个的来！还有能不能轻虐我们钢铁巨人啊，心疼死了～
        ",2018-03-19 13:21:14,力荐,2392,羚羊的灵魂,看过
" 剧本逻辑有缺陷吗？人物动机有问题吗？也许有。But nobody gives a fuck! 就像IMAX开头那句话：“看一部电影，还是进入一部电影”，斯皮尔伯格用140分钟的影像为这句话做了最好背书。带上3D眼镜，放下一切包袱，进入这个世界，然后几十年后和自己的后辈吹嘘自己当年看这部电影时的场景吧。
        ",2018-03-27 00:37:43,力荐,2054,Madison,看过
" 堪比“黑客帝国”的虚拟与现实切换，但没有苦大仇深的哲学思考，而是带着娱乐至死的精神，把影视游戏各种流行文化致敬了个遍。和当初的E.T.一样，童心未泯的斯皮尔伯格不经意就开启了电影的未来。宅男宅女们，欢迎来到VR纪元！（最后还不忘勿沉迷的忠告，赞赞赞~）
        ",2018-03-29 16:10:12,力荐,1560,同志亦凡人中文站,看过
"      大开眼界！对我这个只玩过斗地主的电脑游戏盲来说，《头号玩家》的内容确是匪夷所思。年轻观众欢呼雀跃的无数“彩蛋”我常常无从辨识，一头雾水，但是观影体验仍然痛快、满足。比我小四岁的老导演斯皮尔伯格，如此旺盛的艺术想象力和娴熟才华，让人佩服不已。后半部渐显落套，也无可苛求。
        ",2018-04-02 17:07:38,推荐,1228,谢飞导演,看过
" 就像第一次玩俄罗斯方块，那个竖条降落的时候的感觉。我没办法给出更高的评价了。
        ",2018-03-30 19:03:20,力荐,1518,姨妈的鸭,看过
" 很喜欢原著，所以拜托拜托别毁了。还有终于又可以看到将死的女孩了！
        ",2017-05-06 15:10:41,无评分,22,Grawlix Jest,想看
" 唔，华纳没弄来你们的诺神，Steven Spielberg to Direct Sci-Fi Novel 'Ready Player One' for Warner Bros.
        ",2015-03-26 05:26:55,无评分,12,大炎,想看
" 把一个游戏拍的这么燃，斯皮尔伯格真是厉害。
        ",2018-04-01 15:59:03,力荐,0,申由己,看过
" 这两天在豆瓣上被五星高潮刷屏，在推特上又被法国记者和影评人的高潮刷屏 #斯匹堡不得了#
        ",2018-03-21 23:04:19,无评分,0,枯藤和老虎,想看
" 氧气妹妹终于被名导发现了？
        ",2018-03-29 18:10:34,无评分,0,地球包围外星人,想看
" 要哭了，每个友邻都是五星好评，而我羞愧地半路睡着了……就感觉故事蛮老套的，那些让人嗨的点，心里只是“哦”了一下。
        ",2018-03-31 22:04:20,还行,1261,邓安庆,看过
" 太好看了，我们这一代人的文化真的全在里面了，2045年你们要是建不出这样的虚拟世界，新年钟声敲响的一刻我立马举枪自杀
        ",2018-03-30 21:35:26,力荐,1376,王大根,看过
" 斯皮尔伯格是世界上最伟大的导演，他早就无须用作品证明这点，但一不小心，这部电影又给大家证明了一次！我都不记得上次在电影里目不转睛的看完一部电影，对导演的想象力佩服的五体投地是什么时候了，无论是影迷和游戏迷都能从这部电影里看到满满的爱，无处不在的彩蛋又时刻在唤醒我们心底的这份爱。
        ",2018-03-30 19:36:00,力荐,919,亵渎电影,看过
" 老男孩斯皮尔伯格或许借此片宣告了未来电影的走向，电影不再是用来看的，而是用来玩的
        ",2018-03-19 16:02:15,推荐,1366,时间之葬,看过
" 马
        ",2018-04-04 02:28:32,无评分,0,王子彩虹,想看
" 4/20才上映……这么宅的话内容简介看起来好像op应该不是我错觉hhhhhhh
        ",2018-03-20 16:57:14,无评分,0,burglaryod,想看
" 本来并不看好本片，没想到豆瓣评分这么高，那就期待一下。
        ",2018-03-30 11:26:42,无评分,0,Robert,想看
" 看了预告。。觉得做的好丑啊。。。
        ",2018-02-11 03:17:13,无评分,1,九反,想看
" 合格
        ",2018-04-15 18:13:08,无评分,0,影情之不期而遇,想看
" 这就是我为什么喜欢《降临》和《西部世界》更多的原因吧。/追车那段的镜头也是牛逼爆了。
        ",2018-03-31 18:03:21,无评分,1,容庵,想看
" 这么多好评，是不是需要去看一下。
        ",2018-03-31 21:50:50,无评分,0,VeraTulips,想看
" 这么厉害的吗。。。
        ",2018-03-30 14:55:25,无评分,0,Marni,想看
" 电影，游戏大杂烩串起的无产阶级VR革命，主旋律，娱乐，皆大欢喜。AI搞不好是无产阶级的末日。
        ",2018-05-13 21:47:43,推荐,0,若云,看过
" 看预告片，太炫酷了！
        ",2018-03-15 15:04:50,无评分,1,Matrix,想看
" 想看 请看过的朋友告诉我有没有powerful female lead
        ",2018-04-01 04:34:07,无评分,0,ℨℨℨ,想看
" 预告片就看的好燃！！！
        ",2018-03-30 23:37:23,无评分,0,赤子,想看
" 为什么我看见了""Su........ per........ man.""
        ",2017-12-12 14:45:18,无评分,1,(a λe.x),想看
" 怎么回事 看过的都说好 好奇！
        ",2018-03-30 23:16:34,无评分,0,kazikazi,想看
" 好想看！！！！都灵还没看的小伙伴快出来！！！！！
        ",2018-03-31 17:09:14,无评分,1,❀ fly.cc,想看
" 每一分钟都是应接不暇的彩蛋，而且确定自己只看懂了一小部分。充分满足了影迷游戏迷科幻迷动漫迷。观影、电影、游戏三个空间的同一感太棒了。某个梗出来的时候简直惊喜得跺脚。现实的部分稍弱，但是不妨碍它妥妥的五星。
        ",2018-03-19 19:28:06,力荐,926,蜉蝣,看过
" 斯皮尔伯格就是那个头号玩家。
        ",2018-03-27 23:19:17,推荐,858,芥末蘸酱,看过
" 7分 目前豆瓣9.2一片溢美 不外乎精准搔到了影迷们的嗨点 让观影量变现为成就感。新浪潮及新好莱坞以后，电影导演不同以往的一点是有了电影史意识，能够在他们的作品中有意识观照以往的电影，这部不过斯皮尔伯格的游戏之作，流行文化拼贴彩蛋集合，过于讨巧，究竟难以掩盖内涵的平庸和故事的老套
        ",2018-03-30 16:44:42,还行,757,江寒园,看过
" 梗的设置就会给普通观众设置很大的门槛。这个电影最大的乐趣是找梗这也是影迷的嗨点。但是除了梗之外呢，故事太简单粗暴，主角光环太重，反派智商不够，打斗场面还不够炫，男女主也不够好看，你说让我怎么喜欢。还有这个组合的成员：黑人，女人，亚裔，小孩这阵容也是没谁了吧。
        ",2018-03-30 02:50:23,较差,813,aaaweirdo,看过
" 希望豆瓣也出VR版吧，然后我们懒洋洋傻乎乎躺在精神病角落，在豆瓣电影top250撕逼，在无人问津的9点自说自话，阿尔法城说不定还有幽灵出没。小豆不能换钱，紫豆用户是传说，该电影无法访问是恶势力的封锁，大蛋和阿北是彩蛋。嗯，谢谢你，这些年玩过的豆瓣。
        ",2018-03-30 15:06:49,力荐,669,哪吒男,看过
" 第二关《闪灵》剧情的引用，是斯皮尔伯格对已故老友斯坦利.库布里克最深沉感人的问候，整部电影出现的游戏和角色，是对游戏玩家最浪漫的情书。
        ",2018-03-25 22:09:04,力荐,785,大聪看电影,看过
" 内部票，比公映提前两天看到。整个就觉得很幼稚无聊，大概一些nerds会很喜欢吧。电影结束响起稀稀落落的两三声掌声，也是蛮好笑的
        ",2018-03-29 01:19:06,较差,678,smee,看过
" 众里寻蛋千百度，玫瑰花蕾却在灯火阑珊处。“谢谢你玩我的游戏。”——谢谢你拍这样的电影。
        ",2018-03-27 21:55:10,推荐,540,大奇特(Grinch),看过
" 我还是对斯皮尔伯格的童心不感冒，看到鸡汤结局就觉得fine，ok你说的都对。而我大概也不算一个合格的影迷或游戏迷，里面致敬的情怀全都完美避开我的兴趣点。当全场观众三不五时为各种梗鼓掌欢呼，我只有一脸懵逼：我是谁我在哪发生了什么？？
        ",2018-03-29 22:21:45,较差,585,名川,看过
" 老斯这次真是玩炸裂了，一部让游戏迷、科幻迷、影迷、动漫粉、电子乐迷燃爆的年度科幻神作，各种梗和彩蛋不刷个两三遍是看不过来的！！（已三刷，嘻嘻）
        ",2018-03-20 13:26:58,力荐,571,阿德,看过
" 看完之后，完全没感觉到这个电影有140分钟……时间过得好快……
        ",2018-03-31 22:53:55,推荐,444,张小北,看过
" 不想说那些彩蛋，其实观感是不断下降的（闪灵部分除外），因为不满意斯皮尔伯格这个级别的人还在讨好观众。看完结尾就释然了。这个级别的导演，也只有他还在抱着“谢谢你来看我的电影”拍东西。
        ",2018-03-30 18:38:18,力荐,490,乐山小佛,看过
" 言过其实，华而不实。
        ",2018-03-30 14:17:48,很差,508,马庆云,看过
" 全程：“卧槽！牛逼！哈哈哈！这也行？！燃爆！太帅了！”游戏、动漫、电影，复古流行文化的超级轰趴，梗多的数不过来，如果你是这方面受众，观影就会像嗑药一样爽，整部电影就是个大彩蛋，斯大爷姜还是老的辣啊，不剧透了，预告片展示的只是冰山一角，正片更多的惊喜！为了找梗也要二刷啊
        ",2018-03-20 01:31:58,力荐,843,乌鸦火堂,看过
" 睡着了三次，所谓宅向的东西都是浮皮潦草的元素堆砌。我替环太2感到不值。媒体吹爆还要不要脸？
        ",2018-03-30 16:31:44,较差,443,JOJOORC/Z,看过
" 本来闪灵出来想给五星的。但是结尾太太太不给力了！一个这么牛逼的反乌托邦题材变成了警察抓坏人的过家家？拍了这么多就为了告诉大家“春节回家放下手机，多陪陪父母”？SHIT！
        ",2018-03-29 21:31:03,还行,401,婴儿,看过
" 大失所望的一部电影，不知道那些用它502各种神片的吹捧者哪来的勇气，毫无诚意，套路满满
        ",2018-03-30 00:03:14,较差,425,小龙同学,看过
" 听说这是个彩蛋电影。我赶紧看了下评论，还好大部分没看过。
        ",2018-04-04 00:04:16,无评分,0,新鲜橙子三纹鱼,想看
" 想看！！
        ",2018-03-30 23:24:34,无评分,0,ガス抜き,想看
" 不可能这么高分啊，这电影只有80后电子游戏发烧友才会懂的，受众面不大啊
        ",2018-03-31 17:55:35,无评分,0,吴聊,想看
" vr 5
        ",2018-03-29 08:07:49,无评分,0,花盆,想看
" 全方位牛逼，我甚至想不到任何一个给四星的理由。迷影为游戏服务，里面的迷影梗让人会心一笑，虽不玩游戏，但是里面的游戏情节也能让我热血沸腾。特别燃，抓住了游戏的精髓，团队和胜利，最感动的是足够关照现实，让生活更美好。远超被提高的预期，最后竟然泪目，已经分不清是感动还是兴奋。
        ",2018-03-27 22:18:00,力荐,411,津五渡,看过
" 电影还好，结尾不满意，绿洲应该毁掉吧！《闪灵》部分很精彩，但作为从小跳皮筋，看《情深深雨蒙蒙》，《男生女生》杂志长大的女孩子，想要真正get到《头号玩家》的high点，真的太难了...#二刷又在影院体会了一下：孤单是一个人的狂欢，狂欢是一群人的孤单，所以散场后还蛮百感交集的#
        ",2018-03-30 00:12:18,还行,344,朝阳区白百合,看过
" 全世界对抗马化腾！
        ",2018-03-29 22:17:32,还行,294,恶魔奶爸Sam,看过
" 哪怕是同一类题材，斯皮尔伯格就是能比别人拍得好很多。堪称头号玩家！
        ",2018-04-02 11:01:04,无评分,0,行动决定态度,想看
" 期待
        ",2017-10-09 10:27:17,无评分,0,杰洛特,想看
" 他的片子我一直在看，从他第一部戏到现在，希望这个从视听手法上不要让我失望，虽然是特效制作比较多，但是不影响他用电影手法去讲故事
        ",2018-03-26 19:01:49,无评分,0,新大陸電影社,想看
" 好想玩绿洲阿！
        ",2018-04-03 22:37:06,推荐,0,小也,看过
" 很朋克的感觉，想看。20160304
        ",2016-03-04 17:23:15,无评分,0,浩浩洪流,想看
" 好好教教刀剑神域那玩意儿如何[做VR]？
        ",2017-12-11 20:40:10,无评分,1,孤筏重洋,想看
" 这片子让我想起Moriarty的演讲《诗篇46》。要警惕这种所谓游戏大一统的主流看法，因为游戏并不是只有3A娱乐大作和MMO，或者就必须走什么VR虚拟现实路线。还有太多独立的“文艺游戏”和“作者游戏”，就和电影艺术不只是好莱坞大片是一个道理
        ",2018-03-13 22:22:32,无评分,0,斯多亞,想看
" 有点意思！
        ",2017-07-11 18:39:54,无评分,0,思考,想看
" 老福特上有人说事听说你们大型同人真的咩
        ",2018-03-30 21:58:40,无评分,0,ScheherazadeC,想看
" 斯皮尔伯格不亏是好莱坞顶尖的工匠。把烂俗的故事，老套的主题拍得全程让人目瞪口呆，完全不会注意硬伤。不过，劳拉戏份太少这点我不太满意。暴雪是不是给史匹堡塞钱了？猎空戏份那叫一个多.....
        ",2018-04-02 19:28:29,无评分,0,万靖游,看过
" 惊为天人，虽然还是一个人拯救世界的故事，但还是会为披着新外壳的科幻电影所折服。
        ",2018-03-31 03:47:45,无评分,0,松子蜘蛛侠,想看
" 一直关注的某游戏主播说他看哭了。。。。那，，，#死宅护理学#也去看一下吧
        ",2018-03-31 00:19:04,无评分,0,墨茶小甜筒,想看
" 怎么那么像刀剑神域+圆梦巨人
        ",2018-03-12 17:44:48,无评分,0,田,想看
" 名导+科幻题材, 值得期待
        ",2018-04-06 16:44:29,无评分,0,黄力斯挺,想看
" 看着就很中二，《高玩救未来》酱婶的，必看
        ",2018-03-01 16:25:59,无评分,0,弄臣,想看
" 据说有cowboy bebop
        ",2018-04-06 22:30:23,无评分,0,橘子|GOOD LUCK,想看
" 情怀＋真理，无限彩蛋组成了爱游戏，我只爱Rosebud和237。237的调侃，忍不住在电影院笑出声了。尤其是剧透党，简直笑CRY。
        ",2018-03-29 17:45:23,推荐,279,木卫二,看过
" 视听非常惊艳！甚至可能是今年最重要的代表电影潮流走向的作品，但整体而言全部毁在平庸套路的剧作上。关于VR如何在视听语言层面和思维层面影响电影，本片堪称迄今最佳例证。作为一部标准的青少年反乌托邦电影，迷影和大众文化的梗更多地带来的是令人厌恶的自恋，以及对反乌托邦主题的消解。
        ",2018-04-01 01:16:00,还行,199,胤祥,看过
" 简直不像70多岁导演作品！充满活力和创造性。对VR题材最出色的电影呈现。是对从80到2000年代电子游戏、桌游、动漫、摇滚乐、迷影等亚文化的巡礼！老斯鼎盛时期《夺宝奇兵》《侏罗纪公园》等之后又一经典商业片！除结尾略弱，主题不够深入等遗憾，可以说与《阿凡达》《疯狂麦克斯4》一样有着重要的意义
        ",2018-03-29 23:04:58,力荐,325,CyberKnight电子骑士,看过
" 一星赛车一星闪灵，再往后就全是大人抓小孩的脑残戏码，何必非要照进现实，就不能好好做虚拟，然而这游戏也没法玩，Player1是单机没错但这主角光环也过头了，老歌老片老游戏我年纪太小情怀不来，看完电影的空虚倒是和打完一天游戏一致
        ",2018-03-30 09:27:50,较差,276,Arthur,看过
" 我知道这个电影很用心地抛了很多回忆梗，但是......完全不是我的回忆啊。它要抛出一个葫芦娃、黑猫警长和太阳之子一起打架，我就给五星了。
        ",2018-04-01 22:40:43,还行,248,mlln,看过
" 11岁男童看《闪灵》，这究竟是人性的扭曲，还是道德的沦丧？
        ",2018-03-31 23:28:15,力荐,255,马泽尔法克尔,看过
" 感叹的是斯匹堡把他那不变的童心和念旧情怀放置在如此具有时代感的科幻作品当中，看到最后甚至会为此动容。最牛逼的还是第二关，任何一个影迷都会臣服于那无与伦比的观影体验。
        ",2018-03-29 22:34:19,推荐,209,陀螺凡达可,看过
" 85/100 我和你们说，只花几十块人民币，就能享受到如此美好、诚意、动情、持续调动大脑的商业巨制，谁不去看谁就是傻子。虽然可能有些奇怪，但这部电影的泪点其实也很多，而且我衷心的感谢斯皮尔伯格，没有把这个献给几代娱乐粉丝的礼物变成一句全球化的口号。
        ",2018-03-29 22:09:50,力荐,292,SELVEN,看过
" 别人都说好看的电影，你不能说一般般，不然就是杠精
        ",2018-04-01 04:08:04,还行,264,深巷卖樱桃儿,看过
" 准备把之前说过的关于斯皮尔伯格作品已然老气、工整之类的话统统收回，今晚计划着将老斯的头像挂在床头，跪着睡。几乎满足了对现代大片的一切想象，包括各种革新、致敬与彩蛋，第一把钥匙敬自己，第二把敬《闪灵》，第三把敬过往（像素游戏），绚烂至极终归于平淡。玫瑰花蕾的致敬梗让人看得热泪盈眶。
        ",2018-03-29 21:48:06,力荐,226,痞影人科莱昂,看过
" 我只是不理解斯导拍此部纯娱乐片的用意，有必要他来这么拥抱虚拟的，特效的，游戏的，娱乐的世界吗... “reality is real”, and there was none here. 
        ",2018-03-20 07:33:14,较差,210,阿哲系,看过
" 艺谋凯歌可以看看你们想要成为的人是怎么还可以有想象力的，尤其是艺谋。
        ",2018-03-19 22:10:33,还行,237,舒农,看过
" 其它都挺好。但是你拍了一部片，讲述了一个在游戏里找到挚友，搞到真爱，还一夜暴富成为人生赢家的故事，最后告诉我只有现实是唯一的真实，不觉得结论太苍白了吗？强行政治正确吧。
        ",2018-04-05 12:48:20,推荐,159,亚比煞,看过
" 老爷子一出手，同档期电影都给跪下哭着叫爸爸
        ",2018-03-23 23:47:40,力荐,223,Linnnnnnnn,看过
" 这游戏卖98是真的亏
        ",2018-03-31 10:09:38,力荐,242,是的昂,看过
" 游戏迷燃爆，情怀党涕醉，二者之外娱乐度沁人心脾，情节人物什么的则皆不可深究。《闪灵》的设计最妙，夜店尬舞一段最美，但最难忘的却是那个图书馆管理员。
        ",2018-04-02 21:23:54,推荐,139,艾小柯,看过
" 三道关卡正好教会三个最重要的哲理。一是“退一步海阔天空”，二是“喜欢的女孩要勇敢吻下去”，三是“Real life is Real”。
        ",2018-04-02 00:31:00,力荐,158,野象小姐,看过
" 好看到炸啊！复古元素和各种老梗犹如核爆余波般一次次冲击着大脑皮层！人物剧情节奏等几乎都没短板，最关键能让你从头high到尾！太不容易了…果然霓虹人民在死宅文化和整个游戏发展史上占有举足轻重的地位…话说这片真的跟细田守的SW相当神似，聚众反抗的桥段满满既视感…东亚三兄弟这回又没带棒子…
        ",2018-03-21 18:38:21,力荐,210,OCT IO≯,看过
" 看过了，标记一下，非常理解那些热泪盈眶的人，但是作为不玩游戏的人，看着真是唤起不了什么感情。
        ",2018-04-06 20:13:02,还行,117,frozenmoon,看过
" 这哪是反乌托邦，这明明就是乌托邦：游戏里的妹子竟然真就一年龄相仿的妹子，你的队友全为了你的梦想而死，你成了新一代渣克伯格，抱着真人妹子玩各种play但是ban掉撸瑟们两天不许玩游戏，你是神。这完全他妈就一巨大的宅男春梦啊？！
        ",2018-03-31 07:55:59,很差,135,Kat,看过
" 啊啊啊啊想看
        ",2018-04-01 23:39:03,无评分,0,Naza,想看
" 据说很多致敬和宅怀旧
        ",2018-03-15 18:40:59,无评分,0,Too,想看
" 👌
        ",2018-03-31 22:51:11,无评分,0,凉小船,想看
" 期待…
        ",2017-08-02 08:27:02,无评分,0,sylvia晓霄小小,想看
" 想看
        ",2018-04-21 15:08:31,无评分,0,悄嬛,想看
" 4月
        ",2017-12-13 09:12:49,无评分,0,YIHE陳,想看
" 有鬼娃……
        ",2018-03-25 23:05:09,无评分,0,有村,想看
" 微博豆瓣关注的人里面基本都是打四五星好厉害
        ",2018-03-30 21:25:11,无评分,0,cyan,想看
" 情怀一波，看见闪灵、猎空、高达的时候还是很燃很激动的。
        ",2018-04-07 23:52:45,推荐,0,DBDB,看过
" tom little hardy！
        ",2017-12-12 11:16:37,无评分,0,啊？,想看
" 还报个希望
        ",2018-01-02 03:22:27,无评分,0,诗,想看
" 斯皮尔剥壳
        ",2018-04-02 17:40:52,无评分,0,李十三叫娄子,想看
" 想看花沢健吾的《ルサンチマン》（老处男的春天）改编成电影，应该比这种热血学院派爆米花电影有意思……
        ",2017-12-14 07:49:47,无评分,0,卡叔,想看
" 我老公说好看，不知道日本啥时候映啊
                
                ",2018-04-11 00:50:42,无评分,0,周太太,想看
" 2018.04.02想看
172110人评分9.1
        ",2018-04-02 17:58:07,无评分,0,灰灰烟灭,想看
" “我！就算没电影看！，无聊死！，从这儿跳下去！都不会去看头号玩家”——“嘿，真的好期待上映”
        ",2018-03-27 18:41:04,无评分,2,山雨欲来猫满楼,想看
" 总感觉斯皮尔伯格才拍完华盛顿邮报没几天啊，怎么又拍完一部。。。
        ",2018-03-30 21:49:36,无评分,0,L小L,想看
" paige!
        ",2017-06-05 15:46:07,无评分,0,冬大爷,想看
" 一本满足，意犹未尽
        ",2018-03-31 22:41:40,力荐,0,方小北,看过
" O.M.G
        ",2017-12-11 16:52:31,无评分,0,トウコ,想看
" 这是一个老宅男珍惜好基友，而他的继任者为了女人每周关服两次的故事。怎么说呢，现充都得死！！！！！
        ",2018-03-30 23:39:18,力荐,144,雨前羽街,看过
" 大导演的珍贵之处，在于可以任性的实现原本大家觉得不可能实现但又满心憧憬的东西，AKA造梦。斯皮尔伯格可以的，可爱度直逼李安了！
        ",2018-04-02 18:59:35,推荐,115,黄青蕉,看过
" 亚文化不分国界，死宅世界为家，高达跳出来的时候全场欢呼哈哈，这电影给人感觉就像自己以前做的混搭大梦成真了。各种梗和彩蛋眼花缭乱，倒也能弥补剧情的相对老套。尤其闪灵那段实在是太有趣了，而且不管看没看过的观众都有被照顾到。如果我打这个游戏，估计就在第二关无限循环了！
        ",2018-03-31 11:53:15,推荐,142,米粒,看过
" 没解释男主角是谁之前，我一直以为是最终幻想里的克劳德。
        ",2018-04-03 01:43:54,推荐,118,曾良君,看过
" 好吧老贼，这次算被你煽到了…
        ",2018-03-19 19:38:54,推荐,174,archimboldi,看过
" 想打十星~越过华美彩蛋的海洋，回到最初角落里，男孩子、小电视和游戏机。那里是对世界想象的起源，打开窗不是灰暗天气，而是随时愿意启程的快乐与勇气。
        ",2018-03-30 17:50:29,力荐,156,肥肥鱼,看过
" 穿上触感战衣，得到的是一种幻觉还是感觉；带上AR眼镜，进入的是一款游戏还是一个世界？凋败的现实里人们沉浸绿洲，去破解一场谜题，比拼一次竞速，体会闪灵凶宅的战栗，感受舞池狂欢的绚烂。这里人人都能变身，处处都可穿越。唯有红白机前的小孩没改变，关于她的回忆不能穿越，一个叫初心一个叫遗憾。
        ",2018-04-01 20:55:57,推荐,113,西楼尘,看过
" 好莱坞毕竟理想，美少女线下依然是美少女，所以你才能回到现实。在工厂里，我曾听到几个年轻的流水线工人认真讨论着“团队合作”，细一听，是在讲游戏。我想对越来越多人来说，游戏和网络才是“回到”的地方。比现实的关系更提供归属感，比现实的工作更满足效能需求，比现实的你更不像机器。
        ",2018-03-31 13:06:03,推荐,117,七颗栗子,看过
" 原来这世上有那么多人热爱《闪灵》。有人选择在废墟里重寻宝藏，在记忆里游戏穿梭，有人借用它当ID，十年如一日。终有一天，泪眼相聚。
        ",2018-03-31 00:47:51,推荐,103,shininglove,看过
" 71岁，世界上地位最高的导演，拍出这样一部回归初心、畅想未来、嗨到极致的电影，值得敬佩。童心最宝贵，这是一部世纪流行文化编年史，也是属于斯皮尔伯格的玫瑰花蕾。我要是他，这辈子都没遗憾了。闪灵还原超赞，看到世上第一个游戏彩蛋那里开始泪目，还有关底的设计师童年小屋……戳心了。巨幕很爽！
        ",2018-03-30 22:27:08,推荐,144,何小沁,看过
" 剧情和主题太一般了 一言难尽 无fuck说  梗这种东西 虽然很讨人喜欢 但它毕竟和电影本身的好坏没什么关系
        ",2018-04-01 14:05:17,无评分,108,海淀鸡王柴斯卡,看过
" 想知道打一颗星的心路历程
        ",2018-03-31 23:09:54,力荐,148,张嘟嘟,看过
" 宅的春晚。WW和Samantha作为Z和AECH在绿洲举行史上最隆重赛博婚礼，然后坏人趁机捣乱，小队关系因此遭到考验。WW迷失自我，开除小队所有成员，后历经重重考验回归友谊家庭和爱，期间植入更大量的广告和版权角色。第二部《头号玩家》的剧情我已经帮华纳想好了。
        ",2018-03-19 16:24:49,无评分,94,Mona Lishark,看过
" 视效很漂亮，共鸣感不高。导演用心肯定不坏，“游戏宅并不是鲁蛇，而是有革命性的年轻人来的”，最后依然要“小玩怡情大玩伤身”，反托拉斯的战斗精神弱到没有说服力。漂亮妹子脸上有个淡淡胎记不值得大惊小怪，阿尔忒弥斯在现实中真是个体重250住妈妈地下室的中年大叔才有意思不是吗？
        ",2018-04-02 20:21:26,还行,76,王小能,看过
" 140分钟爽满全场，电影中的人物找游戏彩蛋，银幕前的我们找电影中的彩蛋，斯皮尔伯格用60后喜欢的音乐与电影，8090后喜爱的动漫和游戏以及00后喜欢的视觉奇观创造了年度最炸裂的娱乐大片，画面想象力更是无边无际，震撼到下巴掉地上！
        ",2018-03-27 22:41:32,力荐,113,谢谢你们的鱼,看过
" 果然死宅的世界只有中二最懂
                
                ",2018-03-27 21:48:29,还行,119,不小可,看过
" 牛逼疯了！看完浑身发抖！毁灭公爵！星际争霸！钢铁巨人！金刚！忍者龟！阿卡姆骑士！66年蝙蝠车！哈莉奎茵！甲壳虫汁！阿基拉！高达大战机械哥斯拉！回到未来的车和博士都出场了！猎空还有特写！以及老古董雅达利主机！真正的彩蛋狂欢！娱乐史的赞歌！好想在影院按下暂停键！主旨其实是防沉迷系统~
        ",2018-03-26 16:53:15,力荐,129,王写写,看过
" 彩蛋多到眼花缭乱，一场游戏、动漫、电影、科幻、电子乐的视听盛宴，想象力燃爆，随时都有惊喜随时都想尖叫。影片在现实和游戏间穿梭，既像一个万花筒，也是一个盛大的主题乐园和五彩斑斓的博物馆，既有对社会现实，科技未来，亲密关系的反思，但内核依旧是“孩童导演”斯皮尔伯格的“人本”和“童真”
        ",2018-03-27 16:30:25,力荐,122,蒜 | BOY A✎,看过
" 看着影厅里的00后小孩突然觉得可怜：他们对这片里的梗到底能看懂多少呢？法国不愧是影迷之国，闪灵一场整个电影院都高潮了。扣一星是因为第三把钥匙没有前两把有创意，略略挑个刺。PS:我没看出那个黑人是女生我错了。。。
        ",2018-03-29 02:59:46,推荐,116,弗朗索瓦张。,看过
" 还是那句话，美妙人生的关键，就在于你能迷上什么东西。而你在小时候迷过的游戏，年轻时爱上的电影，总会在某个时刻回到未来，带给你热泪盈眶的惊喜。
        ",2018-03-31 14:55:49,力荐,103,渡边。,看过
" seems a crap....
        ",2018-03-27 18:24:53,无评分,0,流动人口毛驴哥,想看
" 马克里朗斯的演技一流，该再给一个最佳男配奖。这个故事告诉我们，网络游戏防沉迷有多重要。
                
                ",2018-04-12 18:23:03,无评分,0,飞鸟1011,想看
" 好好奇传说中的游戏VR效果…
        ",2018-04-01 08:21:32,无评分,0,nelory,想看
" 可以说本年度最期待
        ",2018-04-24 19:06:35,无评分,0,雨中眠,想看
" 我已经太久太久没有看电影看得一边笑一边泪流满面！！！三把钥匙—关于人类的创造力，拍案叫绝；关于最爱，怯懦退缩后也只能远观；关于友情和伙伴，一个错误的决定无法挽回。真实生活真的很棒因为它是真的。能把真实生活过的幸福而真实，才是Player One!with J. 
        ",2018-04-27 11:31:33,力荐,0,长反射弧浣熊,看过
" 很有料的预告片。
        ",2017-12-11 10:54:41,无评分,0,kayouka,想看
" 据说很好看
        ",2018-03-30 23:00:40,无评分,0,小仙女,想看
" 海报看着像 2 星片。。。惊。。。
        ",2018-03-30 14:51:37,无评分,0,Tifa,想看
" 听说满满回忆
        ",2018-03-30 23:29:46,无评分,0,汐引力,想看
" 最近忙的好久都没看电影了
        ",2018-04-22 01:08:29,无评分,0,大王卷卷认真地,想看
" 有点犹豫要不要去看，评分降了，我在磨叽磨叽
        ",2018-04-05 11:57:42,无评分,0,天秤座,想看
" 这应该是在西班牙看过最听不懂的电影了
        ",2018-03-31 06:26:44,无评分,0,Charlie.Brown ,想看
" fashion，Tribute to classi
        ",2018-03-31 16:37:26,力荐,0,♬,看过
" 抑制不住我的科幻心。
        ",2018-04-02 21:18:02,无评分,0,想当飞鸟的鱼,想看
" 有点像《公民凯恩》追寻足迹，又有点像《黑客帝国》反乌托邦
世界性的电影往往是俗套且傻瓜的电影，没啥可指摘的
不过我宅的还不彻底，好多梗没看懂
能搞到这么多版权，也就是斯皮尔伯格这种牛人吧
        ",2018-05-11 16:53:38,无评分,0,光耀,想看
" 想看想看看
        ",2018-03-30 23:31:01,无评分,0,克洛伊,想看
" 在朋友圈被刷屏
        ",2018-03-31 11:25:59,无评分,0,失意女寡妇,想看
" 4.3和青菜约好UA看这部 然后第一次闹了乌龙跑错了影院 愉快的改成约饭 清明后再看吧
        ",2018-03-30 17:51:05,无评分,0,。,想看
" 太…太酷炫了
        ",2018-03-29 10:30:33,无评分,0,说部乱,想看
" 男主角太丑了
        ",2018-01-02 17:25:07,无评分,0,万事屋代理老板,想看
" 一部靠彩蛋组成的电影，从头到尾都是非常高级的致敬，已经数不清有多少个地方看得头皮发麻了。看媒体场的时候，身边都是此起彼伏的“卧槽”。全五星奉上，感谢斯皮尔伯格造了一场迷影者的梦。
        ",2018-03-28 07:47:07,力荐,113,李濛Lemon,看过
" 冷静下来都知道本质上还是一部站在巨人肩膀上的矮子电影。但在这个多数好电影成不了巨人，其他坏电影又甘愿只做矮子的平庸年代，它的能量注定数倍于本身，又怎会不激动人心。多处收获空前观影体验却没五星是因为《闪灵》那段把我看早泄后就确实没再硬起来。想跪求斯大爷留我在第二关把影史玩上一辈子。
        ",2018-03-31 00:42:10,推荐,68,Paco,看过
" 法国第一天上映，拖着朋友一起看。看后讨论，两个喜欢，一个不喜欢，我在中间做和事佬，口口声声说大家都有表达意见的权利嘛，心里暗搓搓想着胆敢不喜欢这部电影哼再也不要和你玩了。
        ",2018-03-29 04:15:16,力荐,100,木由,看过
" 我知道我们都在逃避，消费主义只能加速世界的毁灭，连我也是购买了两个半小时的遗忘，将这个恶心的世界关在电影院门外。当一辈子氪金肥宅还是十秒钟的高达，这是一个问题。
        ",2018-03-30 13:10:22,推荐,70,路西法尔,看过
" 真的非常oldschool…一小时三四分钟开始的那第二把钥匙的六七分钟闪灵真是太让人满足了，两段主题配乐真是听得人热泪盈眶…这个世界上存在两种库布里克粉，一种是9000型，另一种是237型，诺兰是前种，史皮尔伯格我倾向于是后种。
        ",2018-03-30 22:30:54,力荐,72,恶魔的步调,看过
" #电影院#游戏是一时的，生活却是永远的。无论我在黑漆漆的电影院看得多么开心，散场灯光亮起，瞬间就回到这远比游戏打通关还要漫长而艰难的人生，一下子就忧郁起来，如果游戏和电影永远都不会结束该多好哇。看到哈利迪最后向韦德述说他不擅长和别人交流那一段时泪目，只有死宅才能理解另一个死宅的孤独
        ",2018-03-30 22:03:59,推荐,87,游牧人·芳汀,看过
" 距离2045年只有27年了，好激动！到时我要去绿洲里的银翼杀手区和黑客帝国区爽到死。
        ",2018-04-08 11:53:02,力荐,62,张天翼,看过
" 这部电影自带VR效果，因为整部电影本身就是一个在电影院里给女朋友科普你最喜欢作品里最不言而喻的梗的傻逼半吊子直男。一星给本爹。
        ",2018-03-30 19:10:18,很差,94,爱国无罪白卜庭,看过
" 爆肝玩家大战未来马化腾，101组织=未来腾讯。反派：加入我，再充五千万，我能让你更强。主角：对不起，我有欧气。结局防沉迷系统充分证明了我朝的先见之明。剧情其实很一般，但是赛道倒车那段就引起我的共鸣了，以前玩跑跑卡丁车的时候就喜欢倒着跑。
        ",2018-03-31 14:51:28,力荐,87,大海里的针,看过
" “变身高达形态”我爆哭！但也没看到斯派克的小飞机啊？
        ",2018-03-28 16:41:02,力荐,80,隔壁山田,看过
" 斯皮尔伯格用这个电影告诉你，你大爷还是你大爷
                
                ",2018-03-30 17:09:44,力荐,93,820923,看过
" 说真的，上一次让我如此激动的看一部电影还是中学时第一次去电影院看《魔戒2》，看完本片我的愿望只有两个：VR的游戏世界快快到来，以及那个VR时代最后胜利的公司不是某热衷于搞黄金会员的游戏公司。
        ",2018-03-31 21:24:09,力荐,69,慕容复,看过
" 说着号召大家回归现实，80%时间还是在描绘游戏世界多绚丽，看完了有种空虚感。
        ",2018-04-01 14:28:45,还行,68,Pearciac,看过
" 觀影全程不停的在五種情緒間打轉：其一，想起了我曾經如何期待當年的《復仇者聯盟1》；其二，想起了我如何期待今年的NS《任天堂大亂鬥》；其三，想起了我曾經認為過去的電影裡應該有什麼；其四，想起了我如何預期未來的電影將會是什麼；其五，Steven Spielberg他媽的就是宇宙的主宰！
        ",2018-03-30 00:44:14,还行,65,焚紙樓,看过
" 以前的弱智片只是弱智，现在的弱智片还要假装自己关心族群联合与工人运动，为他们感到累
        ",2018-04-01 18:09:00,很差,55,AT,看过
" 哇，斯大爷商业片强势回归，电影中的游戏彩蛋真是让人惊喜连连。一边看一边在找彩蛋，到最后根本找不过来了，实在太多了！片中每一帧都可以抠挖出不少经典游戏的元素，《街霸》、《我的世界》、《质量效应》，甚至还看到了《守望先锋》，每看到一个熟悉的游戏角色都不禁会心一笑，相当有趣的观影体验。
        ",2018-03-28 16:22:11,力荐,92,内陆飞鱼,看过
" 别的不说了 就想问什么时候能玩上
        ",2018-04-02 13:57:23,推荐,57,文泽尔,看过
" 看完觉得智商都下降了。而且看的IMax眼睛特别累
        ",2018-04-03 14:52:34,较差,53,桃花石上书生,看过
" 集各种政治正确和商业娱乐元素于一身，很会讲故事，但也不免取巧。缺乏让人过目难忘的创新，“游戏只是对现实的逃避”这一观点无疑很保守。结尾的说教有几分虚伪，因为很讽刺的，它明知观众喜欢的正是游戏中的惊险刺激——这就像《金瓶梅》看到最后，才发现作者说用意在戒淫。
        ",2018-04-08 13:16:06,还行,44,维舟,看过
" 穿着Buckaroo Banzai去Blue Monday夜店把妹，我湿了；钢琴连音下泽米基斯魔方倒转一分钟，我醉了；等到某部不该被剧透的电影出来，我真心跪了
        ",2018-03-27 22:31:30,力荐,66,汽车大师,看过
" 当越来越可以看得到实际的效果和影响的时候，我是越来越害怕人工智能和一些新技术了，尤其是这些技术被集权掌握的时候。
        ",2018-03-31 21:39:37,无评分,0,Giliani,想看
" 想看
                
                ",2018-03-30 22:41:00,无评分,0,竹林一风,想看
" 这么高的分 我要炸了 必看啊
        ",2018-03-31 06:41:11,无评分,0,兰-萱,想看
" 电影有点无感，但周围一堆人都说好，我打个三星让世界稍微变平一点。喜欢Joan Jett的i hate myself for loving you
        ",2018-05-06 02:06:45,还行,0,双旗镇刀客,看过
" 听说很好看哦，有空去看看
        ",2018-03-28 21:40:57,无评分,0,弦断,想看
" ？
        ",2018-04-01 12:33:36,无评分,0,VI小PP,想看
" Then what am I? 造物者坚决不制定规则，为什么？谁有权利制造规则？到底按谁的规则来游戏？制造了规则之后，还有游戏的乐趣吗？造物主会制造规则吗？其实我们寄居在这个世界上，像是到期就走人的临时工一样，还有必要和造物主签什么契约吗？游戏主题”谢谢你懂我”
        ",2018-04-04 22:40:05,力荐,0,予秋（待注销）,看过
" 嗯，其实我不玩高达
        ",2018-04-02 23:58:51,无评分,0,fan's,想看
" 会不会看不懂啊
        ",2018-03-31 06:21:23,无评分,0,屠拉达,想看
" VR技术宣传电影？
        ",2017-07-24 18:56:23,无评分,0,更更,想看
" withLi.坐标东莞。看到熟悉的游戏人物真的很激动，vr游戏也很想让人尝试一下
        ",2018-04-07 22:33:10,无评分,0,DoctorBryan,想看
" 还能说什么呢！神作！任何赞美的语言都不足以形容它的精彩！斯皮尔伯格果然是大神。虽然很多游戏梗我get不到，但是不要紧，只要我get到元祖高达就够了！
        ",2018-04-07 22:27:57,无评分,0,布丁,想看
" “但如果你是那种，爱玩游戏，听音乐，爱看电影，对这类文化有了解的人，可能你会和我一样，在电影院里一点点张开自己的嘴巴，在应接不暇的彩蛋，致敬，以及导演把这些梗完美串联的功力下达到高潮，最后情不自禁鼓掌，看完电影回来以后，大呼牛逼。”
        ",2018-03-31 10:18:44,无评分,0,Angel甜,想看
" 我在电影院里看别人打游戏？
        ",2018-03-30 14:19:19,无评分,0,bottle_hp,想看
" 主要是去看IMAX特效了，还有【童年的会议】，据说还有刺猬SONIC，哈哈哈
        ",2018-04-19 17:59:02,无评分,0,Eric,想看
" 斯皮尔伯格
        ",2018-03-30 21:19:38,无评分,0,Bastogne,想看
" 电竞游戏控的福利，老爷子又挑战新风格了，感觉要开启一轮新观影时代。片中的上百个彩蛋就等到影院中慢慢寻找了。
        ",2018-03-16 14:41:18,无评分,0,臻圣,想看
" 看起来有点意思
        ",2018-03-04 19:41:08,无评分,0,MewX,想看
" 看预告目测会扑街 皮导能不能下次拍片的时候专注一点别同时拍俩 要不就自己监制让新导演专心拍
        ",2018-03-08 02:46:20,无评分,0,Serutopia,想看
" 期待期待
        ",2018-03-21 17:16:33,无评分,0,沉暮,想看
" 4.5 说实话水准一般，但靠“借力”把惊喜叠加到了最后。以及，还是那个不俗套不斯皮尔伯格。流行文化各种迷影梗、游戏梗乱入给人一种热爱感，里面的情感就算程式也相当打动。某种意义上很像游戏世界里的《潘神的迷宫》，反抗现实与暗色童话的结构交织在迷恋与谜语之中。
        ",2018-03-29 22:35:44,推荐,54,徐若风,看过
" 对不起。一点都不喜欢。
        ",2018-04-01 19:31:55,较差,60,乔纳森,看过
" 任天堂牛逼！拒绝参与屎秀
        ",2018-04-03 22:02:18,较差,51,华夏海鲜自助,看过
" 2018第一部满分！看到热泪盈眶傻逼只有我一个吗？影史彩蛋最多电影，只有斯皮尔伯格能拍出，抛除彩蛋，电影本身足够热血和感人，能在电影院看到《闪灵》《钢铁巨人》《甲壳虫汁》的激动，游戏中最纯粹的执着，那些超越自我和生命的追求，让人知道你是为什么而活着。I am a dreamer…
        ",2018-03-30 21:40:39,力荐,71,女神的秋裤,看过
" 现在的人普遍认为，游戏只是躲避现实的一种方法。但我觉得第一个发明游戏的人，却是为了更好的地享受快乐。电影太好看了，各种彩蛋，游戏迷，电影迷，乐迷全部都欢呼起来，就为了享受这些欢乐！！！
        ",2018-03-30 23:55:17,力荐,85,梅山君,看过
" 打游戏打成了人生赢家，钞票堆成堆，抱得美人归。推荐给国内各大戒网瘾学校观赏，尤其是电击狂人杨永信同志。
        ",2018-03-31 17:37:02,推荐,61,芦哲峰,看过
" Thanks play my game.听到这句话已经热泪盈眶，这就是游戏的意义啊。
        ",2018-03-31 21:39:19,力荐,65,国王KING,看过
" 这分数绝对虚高了，因为打五星那些人绝对都是死宅。
        ",2018-03-31 03:59:05,力荐,83,Human,看过
" 史匹堡先生七老八十了还会这样开拓新的生意，讨好一众影迷宅和电玩细路，这很好。BTW, Fucking Chucky, hum?!
        ",2018-03-31 16:48:28,还行,40,荔枝超人,看过
" 看片花还想这什么三流电影骗小孩儿的吧，看完感觉回到了小时候看完侏罗纪公园人工智能—特别开心。那种小朋友看了电影，懂得了一点道理，体会了一点成熟的情感，觉得自己又长大了点，却也并没有被这些拖累不能够专心享受情节的累赘感。别人导演都是只会一两种类型片，看看我们学院派顶尖大导演，通杀！
        ",2018-03-31 10:10:16,力荐,86,keke,看过
" 第一次和喜欢的人一起看电影
        ",2018-04-10 22:47:26,力荐,49,叶纸君,看过
" 全世界的影迷和游戏宅看了都会高潮吧，《闪灵》那一段看的我头皮发麻，最后馆长那枚硬币加一条命影院里人声沸腾......
        ",2018-03-30 21:09:20,力荐,66,怪房客,看过
" 人物很立体，绿洲部分真的很棒，最后还提了不逃避，整个立意也不会搞得很沉重。虚拟世界和现实世界我们都不可避免会面临选择和困境，最后馆长那里很喜欢，他就算离开也为他开了一个档案馆啊！韦德每次不到最后一刻不杀手锏好酷，无论是魔方还是最后那个能量毁灭球！
        ",2018-04-01 22:46:26,力荐,24,荔枝白羊悅,看过
" 看完马上想看第二遍，斯皮尔伯格的少年心不死，玩得尽兴看得舒畅淋漓。各种梗玩得飞起，会心一笑之外也会对沉迷游戏的未来产生一些警惕。虚拟的世界再有趣，也不能放弃真实世界的勇敢争取。
        ",2018-03-30 23:44:41,力荐,62,小岩井,看过
" 闪灵那段牛逼 但对我这种从来不玩游戏的人群太不友好了 rosebud这个梗会不会刻意了点
                
                ",2018-03-26 17:00:08,还行,62,虎哥,看过
" 准确把握了时代的脉搏！没有一句废话，很温馨的世界观，连坏人都坏得有一丝温柔。
        ",2018-03-31 20:23:12,力荐,49,fateface,看过
" 试图讲的道理和实际的剧情还是有无法挽回的矛盾，大概因为原作实在是太差了？（
        ",2018-04-02 11:26:40,还行,50,Ent,看过
" 影迷梗像电影中金币一样哗哗啦啦往外掉，想接都接不住。
        ",2018-03-30 23:20:11,推荐,46,张大水,看过
" 《闪灵》那段我要炸了
        ",2018-03-31 18:28:53,推荐,48,LeungChanXXX,看过
" 不是影迷，也不打游戏，就随便看看了，什么love什么friendship的，没啥感觉。
        ",2018-03-31 17:02:53,还行,60,阿巴厮,看过
" 斯皮尔伯格。。朋友圈都在推荐。。
        ",2018-04-03 18:26:35,无评分,0,简单快乐地生活,想看
" 飙摩托一瞬间穿越去DRRRRR……
        ",2017-07-24 22:22:11,无评分,0,唯粉毒O,想看
" 这页to do list划完就去看
        ",2018-03-30 23:18:40,无评分,0,旋木,想看
" 卧槽，这么多好评，搞得我又有点想看了.....
        ",2018-03-30 22:43:13,无评分,0,中端墙头张伊万,想看
" 评分这么高，哪天去看看
                
                ",2018-04-01 00:39:34,无评分,0,雨的、距离,想看
" ？？这么高的评分？
        ",2018-03-30 06:48:29,无评分,0,Julyyyy,想看
" 大杂烩 全程无数彩蛋 140min转瞬即逝 一秒不想错过 从头燃到尾 视效爆炸 凭新意就得五星 最爱某惊悚片那段
        ",2018-04-01 23:50:31,力荐,0,伯樂,看过
" 美国版海贼王？
        ",2018-03-08 19:28:09,无评分,0,蓝色的,想看
" 爆米花电影能到 9.2的评分！约吗
        ",2018-03-30 17:29:23,无评分,0,dのmΦn,想看
" 口碑好好
        ",2018-03-31 19:59:34,无评分,0,冯绍峰,想看
" 斯皮尔伯格
        ",2018-03-25 09:06:44,无评分,0,朱颜竞风流,想看
" 这么高的评分？？
        ",2018-03-31 09:57:40,无评分,0,jstylinson,想看
" 不喜欢玩游戏的人确实不适合看，更中意星际特工千星之城
        ",2018-04-08 23:02:37,推荐,0,尘香,看过
" 好看但是不想看第二遍那种
        ",2018-04-07 21:18:03,推荐,0,宇宙最强毛球,看过
" 17年，等死我算了
        ",2014-12-23 15:24:56,无评分,0,AROBTTH,想看
" 5555
        ",2018-03-31 16:54:02,无评分,0,梅子,想看
" 题材太棒了，期待。
        ",2018-03-28 13:34:14,无评分,0,可乐大蒜配韭菜,想看
" 辫子让我觉得等资源不贡献票房
        ",2018-03-30 15:43:28,无评分,0,火红的油菜花,想看
" 口碑炸了啊
        ",2018-03-31 08:01:50,无评分,0,惊蛰,想看
" 配乐较一般，一部游戏主题的电影音乐却是偏正统的味道；剧情还是略水，有些微尴尬；然后以彩蛋为主题的电影没有片尾彩蛋(当然正片内容已经足够丰富了)；另外收尾的节奏不是很舒服……不过还是五星啊……话说馆长是按查尔斯王子来做的模型么……
        ",2018-04-06 12:59:45,力荐,0,柳絮簌簌,看过
" 吹导演创造力和怀旧情怀的醒醒吧，这压根就是照搬原著小说《玩家一号》哇，只能算是还原度高+视效突出罢了。和原著一样都是游戏死宅意淫出的理想人生，本质和种田爽文没差，不过这里的致胜钥匙是对游戏开发者了解多深。反派设定还不如原著吸引人，大老板就是个愚蠢的弱鸡。最开心的部分就是《闪灵》
        ",2018-03-31 00:01:16,还行,61,泉の向日葵,看过
" 反派游戏角色居然是超人脸，简直了！
                
                ",2018-03-31 10:09:00,力荐,74,拿卡利,看过
" 看的很嗨，感觉很酷，特效很好，迷影很多。
很多设定非常潦草，游戏内外都是。科幻感很差，内核是青春冒险海贼王式的情感电影。游漫影联动，那是小时候，集卡剪漫画书时候的梦想，今天实现了。真正的造梦。但同时做为电影，则是“西餐乱炖”和“美式佛跳墙”。
喜欢开场赛车和《闪灵》。
        ",2018-03-30 03:38:16,较差,83,阿基米德,看过
" 有生之年能不能等到斯皮尔伯格拍一部漫威？！
        ",2018-03-27 22:21:05,推荐,50,嘟嘟熊之父,看过
" 完全是豆瓣大电影，每个人都置身其中。无论是迷影的外表，还是全民争霸强权内核，都在观影瞬间被圈入次元宇宙。并且讽刺了这个不懂审美和感动，只知谋利与标签的尖端行业。这么多年来，当我们被质疑看过的书影音及玩过的游戏，迷恋的爱豆荒废掉时间，终于可以用这部电影怼回去，并配上一句“你不懂”。
        ",2018-03-30 16:46:23,力荐,43,锐利修蕊,看过
" 垃圾氪金网游，死了全部清零，肯花钱就可以团灭一个服务器的道具系统，进入恐怖片的副本完全没有年龄限制，公共场所可以无限制PVP，傻逼一样的肉体反馈，傻逼一样的排行榜系统，这种狗屎一样的游戏居然还有那么多人玩？拿点廉价的彩蛋放到电影里就觉得可以引起小众共鸣？对不起老子他妈才不吃你这套！
        ",2018-04-08 17:40:11,很差,21,汝就做吾的犬吧,看过
" 想起了1973年时上映的《西部世界》，娱乐工业用了将近40年才真正找到和发掘了它的价值；那么这部电影，在若干年后也一定会被同样的方式记住吧（这段话真的是在看完特别激动的情况写下的）。彩蛋部的工作太好玩，不禁想象一下要是把这辈子看过的电视剧设计成游戏有多好。
        ",2018-03-30 15:10:17,力荐,41,基瑞尔,看过
" 價值觀非常平庸⋯⋯其實貝克街的亡靈比較好看⋯⋯
        ",2018-03-29 17:40:47,还行,70,食菠萝,看过
" 看看人家！为了游戏放弃101开出的5000万，居然自己还可以在游戏结局和现实泡到了妹子走上人生巅峰！！！然后每周有两天不让任何人上游戏，自己窝豪宅里和妹子啃嘴，还恬不知耻地说希望每个人享受现实。你们玩绝地求生的菜鸟玩家信吗？我是不信！最后，和老爷一起爬雪山游戏啥时候出？我要玩！
        ",2018-03-31 01:24:31,力荐,40,Ada Wang,看过
" 金属感与科技感爆棚，玩游戏的应该都喜欢，酷´_>`
        ",2018-04-01 02:35:31,推荐,20,路月痕64411,看过
" 打电动我最得意~阿凡达、闪灵、侏罗纪公园、金刚、哥斯拉、钢铁巨人、异形、鬼娃回魂、超人、早餐俱乐部…高达一鸣惊人快刀斩麻！娱乐产业大杂烩、流行文化致敬史。只不过消遣娱乐？单就公民凯恩的玫瑰花蕾就蹭蹭蹭提升档次，更别提虚拟现实的预言思考。片尾没彩蛋又如何？片中数不胜数的彩蛋溢到你吐
        ",2018-03-27 23:46:05,推荐,44,科林,看过
" 游戏/电影迷的盛大狂欢！各种彩蛋梗应接不暇 史上最令人激动的极客面基 看完流下了激动的姨妈
        ",2018-03-19 13:20:14,力荐,59,你看看！,看过
" 在我看来，这并不是科幻片，而是即将发生的近未来。到那时候，在每个人苛守的社会身份之下，都会有一份VR所赋予的“诸行皆可”的自由，借此短暂挣脱现实的牢笼。如果真到了2045年，你看到一个年过半百的老家伙，带着VR眼镜在公园晨练，老脸上露出一丝中二病的笑容，那多半是我了。
        ",2018-03-31 01:03:15,力荐,43,怀璧不予,看过
" 彩蛋太多，融梗牛逼，特效也很赞
        ",2018-03-30 23:36:11,推荐,23,远离拖延症,看过
" 40多年过去了，史匹堡又一次证明了自己依然是那个最懂teenager的导演。我想这部片不仅圆了那些受这些流行文化所影响的几代观众的梦，更圆了这样一个库布里克脑残粉导演的梦。什么是造梦机器，什么是娱乐，什么是blockbuster，you’re looking at it!
        ",2018-03-30 10:14:40,力荐,38,舌在足矣,看过
" 超级棒！！！我看的那场气氛好到爆，大家都很懂梗，真的是处处彩蛋，印象超深的就是闪灵和高达，高达出来的时候大家都变得超燃！！！虽然有bug，但仍是很好看很合格的商业片！！！每个人物都很讨喜，反倒是男女主没有戳我的点，想二刷的电影，值得去电影院看，特效超棒
        ",2018-03-31 22:42:48,力荐,21,尼日利亚黑珍珠,看过
" 不玩游戏的人估计要错过一大堆reference
        ",2018-03-30 20:39:49,力荐,45,螃蟹|BeatGSW,看过
" 给五星是因为满分只有五星
        ",2018-03-30 21:09:24,力荐,43,玉笔书生,看过
" 影片还是比较吸睛的，特效也还不错
        ",2018-04-01 00:52:07,推荐,19,美神经,看过
" 你们不知道作为20年的怪兽迷，看到机械哥斯拉出场那一刻是有多兴奋。
        ",2018-03-30 17:05:27,力荐,37,武侠小王子,看过
" good
        ",2018-03-30 15:41:16,无评分,0,说唐说唐,想看
" IMAX开头说：看一部电影，还是进入一部电影。当你带上眼镜“进入”电影，你会发现，斯皮尔伯格是在彩蛋中插播了整部电影
游戏、动漫、电影、复古流行文化......只要你玩的够多、看的够多、了解的够多，就会发现“卧槽，这也可以？！”
据说本片有119个彩蛋，我只看了小几十个，你能找到几个？四星推荐
        ",2018-03-30 16:29:51,推荐,0,韡 、,看过
" 开始看起来像天赋异禀的少侠联手打败腹黑盟主的故事，到最后收尾，感觉整个故事是导演用游戏的语言对少年讲了一句肺腑之言“Reality is the only thing that is real""，so cool.
        ",2018-04-07 17:20:31,力荐,0,CAROL REN,看过
" 《原来「年度第一」还有这么多隐藏精彩》—毒舌电影
                
                ",2018-04-01 15:19:21,无评分,0,yoho倪迩,想看
" 张晓说他看哭了……
        ",2018-04-01 22:05:37,无评分,0,hyekyo,想看
" 据说不错
        ",2018-04-03 13:56:34,无评分,0,小心898,想看
" 到处都是彩蛋，全球首映礼看的，全场气氛high爆了，中间竟然一度在高潮部分音轨没声，导致中途暂停，观众集体看了三遍高潮，不过最后一遍的时候全场一起配音然后鼓掌，成为全场除主创出场外的最高潮。ps海报和预告片把影片拉低了不知道多少个档次
        ",2018-03-12 14:58:54,无评分,1,滴落阳光^kelly,想看
" 斯皮尔伯格的电影，必须看～
        ",2018-03-31 16:28:19,无评分,0,立夏时节,想看
" 怕是找彩蛋能找得累死吧…
        ",2018-03-30 17:58:00,无评分,0,卡斯特梅的雨季,想看
" 9.0/10，一场游戏迷和电影迷的狂欢盛宴，斯导真是玩得太嗨了，绝对的年度最佳之一。
        ",2018-04-01 06:24:32,力荐,1,大豪,看过
" 一个人也要去电影院看啊！
        ",2018-03-30 11:10:50,无评分,0,烟雨桥,想看
" 我们组的大佬，一个两分钟的预告片分析了四十分钟。太多的细节，太多的彩蛋。做presentation的时候，我跟个傻子一样在旁边听着。除了震惊无话可说。准备下周找大佬要一份稿子，到时候贴在评论区，就单纯聊聊这两分钟的预告片。
        ",2018-03-01 17:04:45,无评分,0,方肇南,想看
" Simon
        ",2016-10-16 11:31:10,无评分,0,Real,想看
" 好想去看头号玩家
        ",2018-03-30 09:43:18,无评分,0,穆一,想看
" 4.5好看好看，特效也好！以后有钱了家里也搞一个imax（一巴掌拍醒。白头发大叔是狼厅和敦刻尔克，怪不得面熟，这里有情怀又socially awkward的游戏geek演得真好，“谢谢你玩我的游戏”。书籍、影视剧、音乐及游戏，让人沉浸在超脱现实之外。所以我该买个switch了
        ",2018-04-06 13:32:51,无评分,0,猴面包树,看过
" 前天去看过的，等下次二刷走起再评分。。希望能约到女神🙌
        ",2018-03-31 00:15:16,无评分,0,南方的奥菲欧,想看
" 胖猫影院
        ",2018-03-31 13:57:29,无评分,0,我不是贻匀,想看
" 这个题材也太适合拍爽片了，超喜欢闪灵那段
        ",2018-05-09 22:27:07,无评分,0,August,看过
" 斯皮尔伯格高分
        ",2018-03-31 08:15:58,无评分,0,雕刻时光KL,想看
" 要看！据说背景是在哥伦布 ^&^
        ",2018-04-20 18:18:56,无评分,0,香水帽,想看
" 多么简单的勇士闯关故事主线，然而这里的勇士最终目的不是打败魔王，而是要走出游戏回归现实。电影真的是圆梦工程，虽然我不是什么资深游戏玩家，但电影画面完全实现我对游戏所具备的最惊险刺激且酷炫体验的幻想。
        ",2018-03-31 22:32:02,力荐,29,Keisuke,看过
" 炸裂，感人。最后太感人了，任何一种游戏玩家都要去看！
        ",2018-03-29 21:45:48,力荐,41,京客隆小丸子,看过
" 特效很抓人眼球，创造游戏的老头感觉还是很有天才那种孤独的感觉。
        ",2018-03-31 16:06:08,推荐,19,爬山虎,看过
" 闪灵那里太刺激（如果这有这样的电影临场游戏我想体验），各种电影彩蛋致敬层出不穷，喜欢！以及最后泪腺崩即将坏前一秒pegg的出现救了我。虽然很想说春宵苦短，少年放手去做一名肥宅吧~但此片的目的不是告诉我们肥宅有多好而是告诉我们Reality is the only thing that is real.
        ",2018-03-30 13:14:26,力荐,23,UrthónaD'Mors,看过
" 没说的。杀！爆！燃！要赶紧二刷！！！！！！！！！
        ",2018-03-31 02:07:40,力荐,33,范克里夫大尉,看过
" 【B-】运镜最接近游戏cg动画的真人大片了，各种夸张的推拉转和繁杂的画面调度，要是放在别的电影会有用力过猛之感，但得益于设定，在本片中只会酷炫到爆炸。可惜的是能表达出一些思考的剧本还是被老斯拍成了睡前故事，幻想天马行空的让人无比享受，可一旦落到现实，就变得槽点重重。
        ",2018-03-30 03:12:50,推荐,34,掉线,看过
" 我还是能理解给高分的各位，看到哥斯拉和高达出现在银幕我也激动了一下下。然而剪掉这些情怀整部电影就是piece of shit。剧情漏洞人物塑造就是一个灾难，Spielberg最终也成为了陈凯歌这样制造华丽垃圾的导演。
        ",2018-03-30 16:16:04,很差,58,mansion,看过
" 巨好看！！！特别喜欢，又想继续玩各种游戏啦。
                
                ",2018-04-05 21:22:49,力荐,32,杨迪,看过
" 太燃啦！加一条命的时候全场鼓掌！太喜欢最后的团战了，少年漫画式的组队，每一个人都发挥到了极限。不做功课也没有关系，一样看的很爽！
        ",2018-03-31 18:09:12,力荐,23,佐仓杏子,看过
" 人家在电影里埋彩蛋，史匹堡在彩蛋里埋电影
        ",2018-03-31 19:10:14,推荐,33,玄辂,看过
" 准确地启动了nostalgia机制：游戏、电影、音乐爱好者可以各取所需，击中受众痛点，拍得太聪明。闯不出好莱坞叙事框架还是不愿闯出（或者懒得），不必深究，也许导演就是玩家之一。但是，最想看到的对仿真实的冷思考却一直缺席，reality is the only real，然后呢？电影的想象力飞得太高却没落地。
        ",2018-03-30 14:40:02,还行,44,犹在镜中,看过
" 回归鸡儿现实，要是男主角没找到女朋友天天和她亲嘴，会给游戏关服吗？？？？？狗贼
        ",2018-04-01 20:11:07,无评分,27,没意思,看过
" 因《闪灵》带给我的短暂快感多加一星，半个游戏咖表示有些get不到点，花哨和酷炫之下还是好莱坞换汤不换药的那一套，整体有一锅乱炖的赶脚，话说看别人玩得巨嗨怪没意思的，某天要真能带上VR进入大爱的任何一部电影的情节或场景中亲身体验和实践玩上一把，那才过瘾。高达出现的一瞬间，集体卧槽了。
        ",2018-04-03 22:45:31,还行,31,尉迟上九,看过
" 超级好看！准备二刷！
        ",2018-03-30 23:51:32,力荐,23,白衣魅者,看过
" 四星半。很明确，影片就是要用强烈的视觉冲击，爆炸式的画面信息流，让你high让你爽。知道它到处安插梗/彩蛋，所以各种专注，但我是有点眼花缭乱，自认一遍看不全，有时间二刷。最后说真的，同款游戏可以开发起来了不，想玩儿。
        ",2018-03-31 19:48:01,推荐,21,心生,看过
" 漫威哭瞎在厕所。
        ",2018-03-30 20:45:20,力荐,30,把噗,看过
" 极度视觉奇观。如果夸张说开场赛车看尿了，那么大胆致敬闪灵就是跪着看尿，就凭这段就值得刷三遍巨幕！史匹堡成功书写致80-90年代流行游戏音乐电影文化的情书，层出不穷的彩蛋让我等迷宅爽翻，更是以“玫瑰花蕾”梗表达男人对错失友情爱情的忏悔，探讨游戏与现实的重心。虽剧情略俗但仍五体投地佩服！
        ",2018-03-29 23:59:10,力荐,32,汪金卫,看过
" meh，我算是那种能会心懂一半彩蛋的人。影片本身就像一个线索和线索的咬合游戏，但实在太没说服力了以及太cliché。不过是另一部元素拼接、亚文化混搭出来的产品罢了。可能有人说只谈梗显得目光狭隘，可这部电影剔除梗之后还剩下些什么？（ps：Abed要是看这部电影一定会高潮）
        ",2018-03-31 20:09:07,较差,51,NigelD,看过
" 玩梗儿怎么是俗套呢，梗儿是文化，文化是沉淀，沉淀是情怀，情怀是让自己永远热泪盈眶的人和物。那个70多岁的老头尚且和他拍ET时一样童心未泯，你又有什么资格忘掉自己拯救世界的梦想呢？
        ",2018-04-02 14:24:54,推荐,31,巴伐利亞酒神,看过
" 整部电影就是一个巨大的彩蛋，密集致敬八九十年代的新世代亚文化，更了不起的是斯皮尔伯格本身在这波浪潮中便是旗手，七旬老翁有此等创作力和把控力，这一切或许都来源于他永远不变的童心，他仍然是本世纪最伟大的导演之一。感谢你让我看这样的电影，看你的电影时我永远是个孩子。
        ",2018-04-02 19:07:41,力荐,30,安德烈大叔,看过
" 20180414
        ",2018-04-14 10:27:06,无评分,0,杰森伯恩,想看
" 最戳我的是异形和I hate myself for loving you
                
                ",2018-04-01 11:23:11,力荐,0,哈妮kid,看过
" Mark想看。前段时间太忙了
                
                ",2018-05-02 04:41:18,无评分,0,盖世小鬼,想看
" 我的财富吗，想要的话自己去找吧，我把全世界的宝藏都放在那里了，于是世界开启了大寻宝时代！

        ",2018-03-20 23:51:45,无评分,2,101个王子,想看
" 斯皮尔伯格大作，作为一名狂热的游戏玩家和科技自媒体锋风数码创始人，我非常期待这部影片！
        ",2018-03-28 08:00:54,无评分,0,一剑凌云,想看
" 真人版刀剑神域？？？
        ",2018-04-05 17:00:43,无评分,0,Abby,想看
" 镭射眼你倒是用能力啊
        ",2018-03-03 23:55:15,无评分,0,诺曼奥斯本,想看
" 竟然看过原著！！现在想来竟多少有些预言性质。预告炸裂！个人觉得，前几年的银河护卫队开启了“电影新cg时代”:不再只是注重宏伟与真实，而是在色彩与运镜上下足了功夫。从预告看，老斯简直是树立了新标杆啊！不管结果如何，都十分期待。
        ",2017-08-12 18:43:18,无评分,0,人猿,想看
" 想看薛坡德尬舞
        ",2018-03-08 14:12:21,无评分,0,条顿,想看
" 其实真不想看...但为了能评论只好标记下...只从预告上来说就是，最终幻想+电子世界争霸战+极速赛车手
        ",2018-04-05 01:51:04,无评分,0,立正121,想看
" 很好看吗？
        ",2018-04-02 10:57:12,无评分,0,阿部察察,想看
" 看简介还有导演就想看了~~
        ",2015-01-20 18:28:58,无评分,0,橘安,想看
" 我只想说这个电影是不是准备狂扇郭敬明的脸
        ",2018-03-21 08:59:54,无评分,0,钢板用手撕,想看
" 666666
        ",2018-03-12 12:40:06,无评分,0,赵小锐,想看
" 我要是剧透发这 你们会恨我吗
        ",2016-05-15 01:02:51,无评分,0,薰华,想看
" 9.2……这么恐怖的吗😂
        ",2018-03-30 17:27:09,无评分,0,sad,想看
" 德语区你大爷！
        ",2018-04-02 18:17:44,无评分,0,&xuaner,想看
" 星际2
        ",2018-04-30 11:58:12,无评分,0,门多啦,想看
" 正疑问为什么选择在复活节假期上映呢。原来是个找彩蛋的电影。
        ",2018-03-31 02:55:18,无评分,0,sunnyless,想看
" 想去那座奇异的建筑对面去看
        ",2018-03-31 11:38:45,无评分,0,William,想看
" 如果未来的游戏能做成这个样子，我倒宁愿在里面不出来了。尤其是还能亲历《闪灵》的经典桥段，可惜没买到杰克尼克尔森一家三口的版权。有哥斯拉高达Tracer双截龙与忍者蛙龟派气功，现在回想黑客帝国里的机器人其实很傻，干嘛做一个假的现实来囚禁人，做个这样乐不思蜀的世界轻松多了不是？
        ",2018-03-29 12:51:27,推荐,41,肥嘟嘟左卫门,看过
" 好好看啊！哈利迪太孤独了，他做了那么多努力就是为了和我们交朋友，让我们了解他.....
        ",2018-04-01 19:15:17,力荐,30,太常寺协律郎,看过
" 梗太多……
        ",2018-04-01 12:18:01,力荐,36,刮刮油,看过
" 看！得！太！开！心！！了！！！
        ",2018-04-03 14:35:07,力荐,18,小斑,看过
" 长久以来，迷影，动漫，游戏，都是小众，一代一代的年轻人，在这里花费时间，付出感情，终于，这一次，斯皮尔伯格跑来告诉你：“我懂你”、“谢谢你玩了我的游戏”。



这一句话，安慰了多少人，肯定了多少人啊。



这简直是情书了。难怪有人甚至会落泪。
        ",2018-04-09 22:35:00,推荐,26,魏小河,看过
" player one也是很复古的游戏名啊。电影的特效真的很燃。
                
                ",2018-03-31 16:03:40,推荐,17,Blue Monday,看过
" 不得了，斯皮尔伯格利用前沿科技打造了一部娱乐视觉大片，却没丢掉故事的情感内核。彩蛋一个接着一个，有一些些游戏梗没get到，但依然好看。
        ",2018-03-28 00:19:24,力荐,49,结冰,看过
" 网恋的故事 卧槽
        ",2018-03-31 22:54:29,力荐,28,丧失书宇兽,看过
" 大龄死宅必看，秒秒钟都是成吨彩蛋，只恨电影没有暂停键。看到决战时从天而降的那位（就不剧透了），就好比我老婆看见金秀贤，激动得我简直要捂嘴痛哭！
        ",2018-04-01 08:17:57,推荐,28,過期貓糧,看过
" “谢谢你们看我的电影”，说到底，史匹堡还是大导演，不是伟大的导演。另外建议环球影城从华纳手里买下《闪灵》授权，设为长期游艺项目。
        ",2018-04-02 17:01:27,推荐,17,皮革业,看过
" 无尿点的好看，两个半小时恰到好处一点都不闷。虽然因为知识面的原因导致不能全部完美接梗，但是，完全不影响观影体验！大概是二次元和三次元人类能达成共识的一部电影。
        ",2018-03-28 00:12:39,力荐,38,阿宇同学,看过
" 中间睡着几次，看完觉得还行。。闪灵那段比较牛逼。后段节奏有点崩
        ",2018-03-30 21:09:20,还行,56,車神薛仔,看过
" 设定有点新意，视觉有点爽到，剩下的，导演很老，故事很老套，价值观很老套，连配乐都是老套的。如果再剪短二十分钟，我会很情愿给四颗星。而现在，只能扭扭捏捏地给四颗星。看片时，感觉配乐的味道很熟悉，却又显然不是威廉姆斯的风格，最后看片尾字幕，原来是《阿甘正传》的Alan，都是老头子啦。
        ",2018-03-31 17:01:27,推荐,20,sterdam,看过
" 技术是新的，创意是旧的。
        ",2018-04-04 12:50:06,推荐,23,mumudancing,看过
" 有情怀的电影，喜欢除了反派的每一个人物。
        ",2018-04-19 15:21:15,力荐,12,长草颜团子,看过
" 也，太，好，看，了，吧！这才是技术，剧情，情怀，应有尽有的电影啊！现实与虚拟的关系如此容易拍歪，连这块都能挑不出毛病。PS，IOI这种烧钱和攀比的游戏思路，是映射哪些没有游戏本心的公司呢？╮(￣▽￣"""")╭
        ",2018-03-31 19:30:56,力荐,23,肖恩恩恩恩肖,看过
" 对浸润在美国游戏文化里长大的人来说，这部片应该就是一种即将到来的真实世界。
        ",2018-04-01 16:33:03,推荐,21,熊阿姨,看过
" 人物形象单薄刻板，大东的存在就是为了出高达，修可以直接删掉没影响。经典文化元素应该是锦上添花，而不是压倒叙事、喧宾夺主，粗暴挪用文化符号的手法让我有种看春晚的错觉。谢里丹这样有才华的年轻演员，近几年又是演X战警又是演这个，总把时间花在这种“谁演都一样”的电影里，不应该啊。
        ",2018-03-30 14:18:18,还行,28,席德,看过
" 还能说什么呢，改天二刷。
        ",2018-03-30 23:19:01,力荐,26,文刀大土申,看过
" 但丁·斯皮尔伯格将古希腊-罗马的神话故事和中世纪传统的帕希法尔罗曼斯融合为一炉，成功达到了薄伽丘貌似寓教于乐实则宣扬享乐经验的文学精神，比较开心，多给一星。
        ",2018-04-07 20:02:19,力荐,23,待注销的陸釣雪,看过
" 票已买，下班去看看
        ",2018-03-30 11:22:44,无评分,0,huanxixiaoge,想看
" 值得去电影院刷一遍，然后下个蓝光刷十遍。
                
                ",2018-04-05 15:32:20,无评分,0,bskufk123,想看
" 这是既叫好又叫座的节奏啊
        ",2018-03-30 16:14:29,无评分,0,果米粒,想看
" 其实里面的彩蛋都太美式(主流)太老(经典)，大多都是上个世纪的东西了。。看不懂一群国内现代人一副狂欢的场面，明明大多数人都看不出大多数梗嘛，摊手。（9.2真的太夸张了吧，水？
        ",2018-04-01 12:14:20,无评分,0,季式微,想看
" 最近项目忙都在加班，没时间去看😭
        ",2018-04-12 14:33:38,无评分,0,Long,想看
" 斯皮尔伯格导演，必属佳片！！！
        ",2018-01-04 15:21:06,无评分,0,跪求洛基君临人,想看
" 必看了
        ",2018-03-31 19:26:45,无评分,0,猫咪历险记,想看
" 。。
        ",2018-04-03 22:55:54,无评分,0,Lori,想看
" 希望这个电影可以坚持到我考试结束....
        ",2018-04-03 23:05:48,无评分,0,人在风里~,想看
" 高达
        ",2018-03-30 00:03:46,无评分,0,毛绒绒桃子,想看
" 美版刀剑神域～希望有国产加速世界
        ",2018-03-01 23:02:30,无评分,0,上帝左勾拳,想看
" 怕是没时间看了
        ",2018-04-02 09:12:10,无评分,0,熊拐拐,想看
" 先评为敬六星至少
        ",2018-03-30 13:16:22,无评分,0,HSC,想看
" 已经有好几个人推荐了
        ",2018-04-01 00:32:39,无评分,0,林丢丢,想看
" 斯皮尔伯格的科幻片还是很有看点的
        ",2018-03-31 15:20:18,无评分,0,投机客,想看
" 我到底能不能去电影院啊啊啊
        ",2018-04-19 16:54:28,无评分,0,赵饼子,想看
" 我是不是得抱个熊去，一害怕二孤单
        ",2018-04-07 22:06:25,无评分,0,Hope,想看
" 最没有创意的电影。美工、造型都领盒饭了，直接从其他公司买IP。按照王晶的话说，名为“致敬”，视为“抄袭”。斯皮尔伯格没玩过这些游戏，对这些IP的理解为零，这是最没情怀的电影。
        ",2018-04-01 15:48:41,无评分,0,紫色的番茄,想看
" 好想看啊！！！！
        ",2018-04-01 16:35:47,无评分,0,叉叉叉叉叉,想看
" 听说评价不错？
        ",2018-03-30 17:24:26,无评分,0,荒,想看
" 被过誉的电影，有好有坏，尚不足以封神。
        ",2018-03-30 13:49:04,还行,38,纤纤,看过
" 彩蛋接连不断，情怀泛滥成灾。
        ",2018-04-01 09:59:22,还行,28,易老邪,看过
" 纯天然绿色零剧透无公害友邻就是在下。五星送给超会玩的斯大爷。
        ",2018-03-27 22:33:30,力荐,28,su27根本就没有,看过
" 确实厉害，制作精良，现实与游戏世界的交互未来感很强，但这老头透露着一股对人性的过于乐观，大多数人沉溺于游戏并不是因为孤独，而是沉溺于游戏之后才变得孤独，脱离现实，梦想家毕竟是少数，大多还是逃避残酷现实的loser，就像最后没有开的那枪一样
        ",2018-03-30 21:09:59,推荐,35,小步捯饬着,看过
" 斯大叔这个年岁还能拍如此气质又情怀满满的片真是惊奇，致敬了多少款游戏和多少部电影已经数不清，融合了从六零后到九零后的情怀，没有任何导演能做到，商业电影的极致应该如此
        ",2018-03-29 13:48:25,力荐,31,赵启辰,看过
" 真滴超级好看，特效太厉害了！！想二刷！！
        ",2018-03-31 22:14:15,推荐,17,？？？,看过
" 希望微信周二周四也不能访问。
        ",2018-03-31 16:09:29,力荐,39,Luke,看过
" 二次元和三次元第一次这么完美无缝的链接，看得我热血沸腾的，唯一，可能就是剧情稍微单一了一小点儿~
        ",2018-04-23 10:02:45,推荐,119,Mr.Z,看过
" 还是一个标准、简单的好莱坞大片。
        ",2018-03-28 11:20:56,还行,46,拐了,看过
" 哈哈哈梗真多
        ",2018-03-30 17:23:05,推荐,31,明安,看过
" 想象力和游戏万岁！索尼微软以及骨灰级的雅达利都齐了，任天堂是台词中被提到，主机阵营唯独少了昔日的世嘉，有点可惜。斯皮尔伯格真的太懂游戏和流行文化了，要说时代有什么不同，那就是小时候偷偷摸摸打游戏的人，现在有钱拍电影了
        ",2018-03-30 23:15:08,力荐,31,bibabo,看过
" 几年来还没有一部电影，像《头号玩家》这样让我完全投入其中，仿佛亲身经历了一场虚拟人生。作为一个在虚拟世界恋爱并在现实世界结婚的人，我的确对片中的情感有很深的认同。虚拟实境、极速飞车、生死探险、第二人生……融合了太多时代符号的这场大戏，简直就是一部文化发展史，光怪陆离、极致浪漫，故
        ",2018-03-30 18:27:13,力荐,38,萧秋水,看过
" 游戏迷的盛宴，VR世界的终极形态，全程都在数玩过的游戏以及找彩蛋。觉得不够好的地方是第三把钥匙的获取，结尾的设定，以及文戏的过分浅显的对白。然而此外的部分，尤其是游戏的部分特别精彩。四星。
        ",2018-04-03 05:19:06,推荐,16,LORENZO,看过
" 虽然看得很开心，但此片对游戏角色的使用态度更像是「大伽客串了群演」，真正把玩梗融入到剧情里的反而是闪灵钢普拉哥斯拉这样的影视IP。现实部分的戏和刺客信条一样鸡肋，最后的说教尬出天际，原本就是在现实过得不爽才逃去玩游戏的，你当了人生赢家就有脸说「现实比游戏更好」？
        ",2018-04-01 14:22:00,推荐,17,斑陀螺,看过
" 记得以前曾经想策划过一个稿件，就是游戏和电影在未来的边界是否会越来越模糊。我觉得斯皮尔伯格的牛逼之处不在于埋了多少彩蛋，而在于预示了电影一种极有可能的未来。
        ",2018-03-30 22:14:07,推荐,25,所有团的团长,看过
" 作为一个不专业的游戏行业从业者，给电影打四星；作为一个不专业的电影爱好者，给电影打三星。整体75分吧。《头号玩家》就像一台造梦机器，再现了很多人幻想中的场景；然而诸多的电影梗、游戏梗只是电影的热闹补充，再锦上添花，也不是电影本身。总之，“谢谢你来玩我的游戏。”
        ",2018-03-30 02:54:28,推荐,26,艾晨,看过
" 这部电影的评分其实很简单
对于游戏迷和欧美大片迷来说，无数的彩蛋让他们爽到了，那就是五星
对于不打游戏或偏爱文艺片的观众来说，他们get不到这些梗，看完后云里雾里的，那就是两星三星 ，顶多跟风四星
很不幸我属于后者...
        ",2018-04-02 21:09:58,还行,51,红桃L,看过
" 信息量和致敬梗很多的爽片，立意也不错，寓教于乐比起说教更让人印象深刻
        ",2018-04-01 00:54:49,推荐,15,吃瓜少年,看过
" 能拍出这部电影的人的确寥寥无几，倒不是有多难拍，而是各类版权也只有史匹堡这种大拿搞得掂，但融汇了这么多经典符号，其本质上却和当下大量娱乐产品别无二致，所有的元素仅仅是用来展示而缺乏有新意的重组，看不见当年新好莱坞小子们的锐气；当然看梗还是很愉快的，最后一关雅达利居然不玩E.T.啊哈
        ",2018-04-01 16:21:20,推荐,23,托尼·王大拿,看过
" 比较可惜的就是主角姨妈和渣男友的被害，女主的手下同样被抓去未归，处理的不太好。无政府主义的设定和突如其来的警察不合理。全民沉迷VR与粮食减产不深刻。除此，帅不过3秒高达，馆长硬币赌注，以及黑人队友与男主相认，笑哭。
其实，有时候我也想回到一会儿童年时无忧无虑打电动呢~愿世界和平。
        ",2018-03-31 10:08:23,力荐,34,荆棘,看过
" 优秀浅显的英雄主义商业片，让我觉得自己老了。
        ",2018-04-15 11:18:49,还行,0,Sherry,看过
" 預告感覺很low耶!!想不到上映後評價大翻盤=口=
        ",2018-03-31 21:12:38,无评分,0,Freya,想看
" 感觉版权费在燃烧
        ",2018-01-03 17:18:15,无评分,0,kim,想看
" If the world I long to live in becomes virtual and I'm not in it, I'll spend each piece of the rest of my life killing myself.
        ",2018-03-19 21:19:03,无评分,0,MoWen,想看
" 好电影要支持，但是人民也是善忘的，十年前【美国著名导演斯皮尔伯格表示，他将辞去北京奥运会艺术顾问职务。他指责中国没有做出足够努力，结束苏丹达尔富尔暴力。 
　　斯皮尔伯格在一项声明中说：""我已经决定正式宣布停止参与北京奥运会开幕式和闭幕式的艺术顾问工作。""】
        ",2018-03-31 15:15:47,无评分,0,sunshine9177,想看
" 清明节去看
        ",2018-03-30 17:52:27,无评分,0,乱世浮生的牙关,想看
" 18年挺厉害的美国大片
        ",2018-04-19 10:59:39,无评分,0,楼上看世界,想看
" 看来是口碑炸裂啊 
        ",2018-03-30 14:27:50,无评分,0,一如往昔,想看
" 2045年会变成什么样子呢，那时候54岁。
        ",2018-03-30 22:40:50,无评分,0,噹,想看
" 为什么不可以是人妖号！&中年人就没资格玩得很优秀吗！本叔一朵娇花，基友超烦
        ",2018-04-02 17:55:13,推荐,0,De-rek,看过
" 高分...
        ",2018-03-31 19:30:29,无评分,0,SH丨NE,想看
" 这个想去电影院看，周一去济南，可能周二有空会去看
        ",2018-03-31 19:34:31,无评分,0,硬汗,想看
" 这么多导演是几个意思
                
                ",2015-01-07 16:03:13,无评分,0,张迪,想看
" 非常想看！！但是看不到啊看不到。
        ",2018-03-30 02:32:10,无评分,0,Cecilia_Crush,想看
" sina
        ",2018-03-31 00:41:02,无评分,0,To_be_myself,想看
" 评分好高⊙ω⊙
        ",2018-03-30 18:03:59,无评分,0,毛七包,想看
" 厉害了
        ",2018-04-01 18:29:26,无评分,0,S.L.T,想看
" 希望Ryu隆和戈登Freeman现在电影中，可惜只是游戏，要是有阿童木 柯南 就好了
        ",2018-01-29 10:25:30,无评分,0,半山腰的惆怅弦,想看
" #Ready Player One# #头号玩家#
        ",2018-03-29 11:10:23,无评分,0,苏-重阳,想看
" 年度第一神剧。
        ",2018-04-02 08:59:16,无评分,0,榜样东西,想看
" 斯皮爾伯格，一潭死水。
        ",2018-04-01 12:09:54,较差,50,Sismidnopin,看过
" 空有虚拟世界的设定，实则价值观还是很保守，现实世界既然如此空虚破败为什么还有形而上的优越性？设定的“情怀”看来反而creepy，一个将自己的经历构建成世界的创造者，一个为了游戏线索而穷尽他的记忆和“流行文化”的玩家世界，可能反而对我们的世界更有讽喻意义。
        ",2018-04-11 09:16:25,较差,14,Gawiel,看过
" “有人把《战争与和平》读出了肥皂剧的味道，而有人看着口香糖上的说明就悟出了宇宙的奥秘”
        ",2018-03-31 14:38:00,力荐,26,drunkdoggy,看过
" 彩蛋太多了！！！！！！
        ",2018-03-28 10:51:19,力荐,41,哟大豪爷,看过
" 精彩绝伦，难以言表！这部片子让我再一次相信电影是一门光影的艺术，再一次爱上了电影。在一个颓垣末世那么似曾相识的未来设定里，老斯巧手匠心得用VR的概念把科幻电影拍出了新的高度。那些琳琅满目的致敬和别出心裁的彩蛋，真的是不把影迷看到高潮不肯罢休！
        ",2018-03-29 10:28:37,力荐,36,饮歌,看过
" 迷影元素還是令人會心一笑的，尤其是《閃靈》重現和日本電影情懷，加一星。第三段又回到爆米花，打來打去看得好想睡覺。史屁飽還是太主流了，本質還是爆米花
        ",2018-03-30 21:56:13,推荐,21,五色全味,看过
" 这货不是电影，这货是二次元的毛片啊！。。。
        ",2018-04-01 14:47:01,力荐,27,烟波人长安,看过
" 斯皮尔伯格对ACG二次元文化的总结和正名，特别是对游戏迷们来说就是狂欢，最后不忘防沉迷提醒广大玩家现充的重要性。各种梗多到来不及数的地步，有些“掉书袋”的嫌疑，第一关场面调度屌炸天，第二关迷影中的迷影情怀与还原度爆表，第三关大戏相比之下就略缺乏新意【头号玩家=人民币玩家】
        ",2018-03-30 05:50:55,推荐,19,牛腩羊耳朵,看过
" Hardcore nerds porn. 
        ",2018-04-01 01:58:29,力荐,19,H!karu,看过
" 还不错，虚拟与现实的结合，前半部分简直是特效的炫技。虚拟世界真的很有想象力。闪灵那段有点吓人和搞笑。
        ",2018-03-30 21:31:59,推荐,15,竹叶卷心,看过
" 一星半吧
        ",2018-04-02 16:56:18,很差,29,KREJERK,看过
" 现实很累，游戏也累，从虚拟回到现实，吃好一顿饭，并不见得就是一种解脱，回到现实中，人人都是现实的契约奴隶，照样过不好这游戏一样的人生。
        ",2018-04-02 21:09:54,还行,17,阿汤,看过
" 斯皮尔伯格不是拍电影，也不是拍彩蛋，是做标本。死扛着没瞧任何剧透，赶个早场去观摩了。同场还有两位走路颤巍巍、需要互相搀扶的老爷爷老奶奶，这股子勇猛贴近年轻世代文化的精神，着实可嘉。不过，说它是整整一代人的“流行文化”编年史，我可不咋赞同。最多是“御宅文化”的一次总动员。
        ",2018-04-02 15:18:50,推荐,9,魁魁格,看过
" 看完这部电影一周后再去想应该给这部电影打几星，估计会有很多人都会给本片少打一星乃至两星吧……
        ",2018-04-09 12:17:25,推荐,18,丁小云,看过
" 真的高达大战哥斯拉不常见的，能把烂剧本拍成这样斯皮尔伯格也是牛逼了
        ",2018-03-31 04:05:21,还行,38,渡鸦Raven,看过
" 这真的是只有爱电影➕爱游戏的人才能做出来的电影。
光荣归于斯皮尔伯格，伟大归于电影和影迷！
        ",2018-03-30 22:26:31,推荐,24,大时代歌姬,看过
" 人类在过去二三十年里几乎没有任何新的想象，救赎被数字日益吞噬的孤独灵魂的，反而是仍旧是这些流行文化图腾，这难道不是最令人伤感的事情吗
        ",2018-04-02 15:58:01,还行,16,战将波舰金,看过
" 大数据终将替代想象力 with Anana
        ",2018-04-01 17:38:08,较差,21,冰山李,看过
" 特效很棒，剧情也在线，彩蛋桥段爆点都很赞。
        ",2018-04-12 10:40:09,力荐,12,慕詩,看过
" 买票时明明标了原声，现场居然是国语配音，巨坑无比…… 不过除去这个因素，还是感觉很一般啊。评分确实虚高太多了。
        ",2018-04-01 21:31:09,还行,21,子文东,看过
" 目前我观察到的朋友好像没有一个低于5分好评的，不行，我回邯郸了一定去看看。
        ",2018-03-30 18:46:20,无评分,0,Feynman阿锴,想看
" 先马 下周
        ",2018-03-31 00:24:11,无评分,0,曲曲不直,想看
" 得去
        ",2018-03-31 23:15:56,无评分,0,握屌老爹,想看
" 男主角的造型应该是在 neta 最终幻想的克劳德吧？另外比较好奇未来的腾讯游戏帝国是会成为 OASIS 还是 IOI？骑带马化腾在 QQ 空间留下宝藏了一刚！
        ",2018-04-06 00:11:35,推荐,0,二阶导,看过
" Home
        ",2018-03-30 01:03:44,无评分,0,Raiiiiina!!!!!,想看
" 头号玩家 @mana
        ",2018-05-12 16:24:22,无评分,0,Chenko515,想看
" 想看。
        ",2018-04-03 14:10:28,无评分,0,科沃斯基,想看
" 根据R⭐公司的平均开发进度，“绿洲”就是GTA15。
        ",2018-03-25 21:18:24,无评分,1,Saturn,想看
" 斯皮尔伯格
        ",2018-03-29 19:17:25,无评分,0,无地自容,想看
" 挺感兴趣的，就是不知道有没有时间
        ",2018-04-03 07:54:58,无评分,0,陌明其妙,想看
" 无缘了。哎
        ",2018-04-20 23:10:31,无评分,0,Ailie,想看
" 我尖叫！！！！ 大导演就是不一样！！你！就是那种感觉从小到大看的电影听的歌和现在网瘾少女如我玩的游戏在电影里都能一个又一个的看到 哪怕就算剧情为零也觉得这十多年的精神粮食没白吃www 
        ",2018-04-01 08:01:06,力荐,0,Detonator__,看过
" 看来imax要预定一波了~
        ",2018-03-31 13:57:01,无评分,0,种子,想看
" 这部电影应该是2018最火的了
        ",2018-03-30 10:56:18,无评分,0,山转水也转,想看
" 蛮有意思，各方评价差距这么大
        ",2018-03-28 15:17:56,无评分,0,mud,想看
" 我是那个你们都不懂的追风少女
        ",2018-04-01 16:56:53,无评分,0,Yii,想看
" 明天去看，超期待
        ",2018-04-01 20:22:53,无评分,0,云小三,想看
" 啊……预告片怎么这么短
        ",2018-03-30 21:52:01,无评分,0,就叫绿豆,想看
" 玩wow为了一身毕业神装努力，慢慢看着o键里好友变暗；或是玩吃鸡被外挂打的心烦意乱；或曾经被某个游戏里的角色所感染；或被某款小众游戏的玩法所吸引；或是为了某个游戏成就被虐的不要不要的！《头号玩家》给出的答案随便玩玩就好😂
        ",2018-04-02 17:58:57,无评分,0,王叔叔,想看
" 虚拟中追寻的 多是现实中无法达成的失望与遗憾
        ",2018-04-01 08:23:05,力荐,0,spacecake,看过
